{
  "resourceType" : "ValueSet",
  "id" : "9587f257-2a8f-47de-879c-66c10175f400-104",
  "url" : "http://hl7.org/fhir/comparison/ValueSet/9587f257-2a8f-47de-879c-66c10175f400-104",
  "name" : "UnionSNOMEDCTAdditionalDosageInstructionsAndSNOMEDCTAdditionalDosageInstructions",
  "title" : "Union of SNOMED CT Additional Dosage Instructions And SNOMED CT Additional Dosage Instructions",
  "status" : "draft",
  "date" : "2026-02-18T15:43:54+00:00",
  "compose" : {
    "include" : [{
      "filter" : [{
        "property" : "concept",
        "op" : "is-a",
        "value" : "419492006"
      }]
    }]
  }
}