{
  "resourceType" : "ValueSet",
  "id" : "9587f257-2a8f-47de-879c-66c10175f400-110",
  "url" : "http://hl7.org/fhir/comparison/ValueSet/9587f257-2a8f-47de-879c-66c10175f400-110",
  "name" : "UnionSNOMEDCTAnatomicalStructureForAdministrationSiteCodesAndUKCoreBodySite",
  "title" : "Union of SNOMED CT Anatomical Structure for Administration Site Codes And UK Core Body Site",
  "status" : "draft",
  "date" : "2026-02-18T15:43:54+00:00",
  "compose" : {
    "include" : [{
      "filter" : [{
        "property" : "concept",
        "op" : "is-a",
        "value" : "91723000"
      },
      {
        "property" : "constraint",
        "op" : "=",
        "value" : "descendantOf 442083009"
      }]
    }]
  }
}