{
  "resourceType" : "ValueSet",
  "id" : "9587f257-2a8f-47de-879c-66c10175f400-14",
  "url" : "http://hl7.org/fhir/comparison/ValueSet/9587f257-2a8f-47de-879c-66c10175f400-14",
  "name" : "UnionAllergiesIntolerancesUvIpsAndUKCoreAllergyCode",
  "title" : "Union of Allergies & Intolerances - IPS And UK Core Allergy Code",
  "status" : "active",
  "date" : "2026-02-18T15:43:53+00:00",
  "jurisdiction" : [{
    "coding" : [{
      "system" : "http://unstats.un.org/unsd/methods/m49/m49.htm",
      "code" : "001",
      "display" : "World"
    }]
  }],
  "compose" : {
    "include" : [{
      "system" : "http://snomed.info/sct",
      "filter" : [{
        "property" : "concept",
        "op" : "descendent-of",
        "value" : "105590001"
      }]
    },
    {
      "system" : "http://snomed.info/sct",
      "filter" : [{
        "property" : "concept",
        "op" : "descendent-of",
        "value" : "373873005"
      }]
    },
    {
      "system" : "http://snomed.info/sct",
      "filter" : [{
        "property" : "concept",
        "op" : "descendent-of",
        "value" : "420134006"
      }]
    },
    {
      "system" : "http://snomed.info/sct",
      "filter" : [{
        "property" : "concept",
        "op" : "is-a",
        "value" : "716186003"
      }]
    },
    {
      "system" : "https://dmd.nhs.uk",
      "filter" : [{
        "property" : "parent",
        "op" : "=",
        "value" : "VTM"
      }]
    },
    {
      "system" : "https://dmd.nhs.uk",
      "filter" : [{
        "property" : "parent",
        "op" : "=",
        "value" : "VMP"
      }]
    },
    {
      "system" : "https://dmd.nhs.uk",
      "filter" : [{
        "property" : "parent",
        "op" : "=",
        "value" : "AMP"
      }]
    },
    {
      "system" : "https://dmd.nhs.uk",
      "filter" : [{
        "property" : "parent",
        "op" : "=",
        "value" : "INGREDIENT"
      }]
    },
    {
      "system" : "http://snomed.info/sct",
      "filter" : [{
        "property" : "constraint",
        "op" : "=",
        "value" : "descendantOf 105590001 OR descendantOf 373873005 OR descendantOrSelfOf 716186003 OR 196461000000101 OR 196471000000108"
      }]
    },
    {
      "system" : "http://terminology.hl7.org/CodeSystem/v3-NullFlavor",
      "concept" : [{
        "code" : "NI",
        "display" : "NoInformation"
      }]
    }]
  }
}