{
  "resourceType" : "ValueSet",
  "id" : "9587f257-2a8f-47de-879c-66c10175f400-113",
  "url" : "http://hl7.org/fhir/comparison/ValueSet/9587f257-2a8f-47de-879c-66c10175f400-113",
  "name" : "UnionSNOMEDCTAdministrationMethodCodesAndUKCoreMedicationDosageMethod",
  "title" : "Union of SNOMED CT Administration Method Codes And UK Core Medication Dosage Method",
  "status" : "draft",
  "date" : "2026-02-18T15:43:54+00:00",
  "compose" : {
    "include" : [{
      "filter" : [{
        "property" : "concept",
        "op" : "is-a",
        "value" : "422096002"
      },
      {
        "property" : "constraint",
        "op" : "=",
        "value" : "memberOf 999000041000001103"
      }]
    }]
  }
}