{
  "resourceType" : "ValueSet",
  "id" : "9587f257-2a8f-47de-879c-66c10175f400-71",
  "url" : "http://hl7.org/fhir/comparison/ValueSet/9587f257-2a8f-47de-879c-66c10175f400-71",
  "name" : "UnionConditionStageTypeAndConditionStageType",
  "title" : "Union of Condition Stage Type And Condition Stage Type",
  "status" : "draft",
  "date" : "2026-02-18T15:43:54+00:00",
  "compose" : {
    "include" : [{
      "concept" : [{
        "code" : "261023001",
        "display" : "Pathological staging (qualifier value)"
      }]
    },
    {
      "concept" : [{
        "code" : "260998006",
        "display" : "Clinical staging (qualifier value)"
      }]
    },
    {
      "filter" : [{
        "property" : "concept",
        "op" : "is-a",
        "value" : "254291000"
      }]
    }]
  }
}