{
  "resourceType" : "ValueSet",
  "id" : "9587f257-2a8f-47de-879c-66c10175f400-44",
  "url" : "http://hl7.org/fhir/comparison/ValueSet/9587f257-2a8f-47de-879c-66c10175f400-44",
  "name" : "UnionFHIRDocumentTypeCodesAndUKCoreDocumentType",
  "title" : "Union of FHIR Document Type Codes And UK Core Document Type",
  "status" : "draft",
  "date" : "2026-02-18T15:43:53+00:00",
  "compose" : {
    "include" : [{
      "filter" : [{
        "property" : "SCALE_TYP",
        "op" : "=",
        "value" : "Doc"
      },
      {
        "property" : "constraint",
        "op" : "=",
        "value" : "memberOf 1127551000000109"
      }]
    }]
  }
}