{
  "resourceType" : "ValueSet",
  "id" : "9587f257-2a8f-47de-879c-66c10175f400-50",
  "url" : "http://hl7.org/fhir/comparison/ValueSet/9587f257-2a8f-47de-879c-66c10175f400-50",
  "name" : "UnionDocumentSectionCodesAndUKCoreCompositionSectionCode",
  "title" : "Union of Document Section Codes And UK Core Composition Section Code",
  "status" : "draft",
  "date" : "2026-02-18T15:43:54+00:00",
  "compose" : {
    "include" : [{
      "concept" : [{
        "code" : "10154-3"
      },
      {
        "code" : "10157-6"
      },
      {
        "code" : "10160-0"
      },
      {
        "code" : "10164-2"
      },
      {
        "code" : "10183-2"
      },
      {
        "code" : "10184-0"
      },
      {
        "code" : "10187-3"
      },
      {
        "code" : "10210-3"
      },
      {
        "code" : "10216-0"
      },
      {
        "code" : "10218-6"
      },
      {
        "code" : "10218-6"
      },
      {
        "code" : "10223-6"
      },
      {
        "code" : "10222-8"
      },
      {
        "code" : "11329-0"
      },
      {
        "code" : "11348-0"
      },
      {
        "code" : "11369-6"
      },
      {
        "code" : "57852-6"
      },
      {
        "code" : "11493-4"
      },
      {
        "code" : "11535-2"
      },
      {
        "code" : "11537-8"
      },
      {
        "code" : "18776-5"
      },
      {
        "code" : "18841-7"
      },
      {
        "code" : "29299-5"
      },
      {
        "code" : "29545-1"
      },
      {
        "code" : "29549-3"
      },
      {
        "code" : "29554-3"
      },
      {
        "code" : "29762-2"
      },
      {
        "code" : "30954-2"
      },
      {
        "code" : "42344-2"
      },
      {
        "code" : "42346-7"
      },
      {
        "code" : "42348-3"
      },
      {
        "code" : "42349-1"
      },
      {
        "code" : "46240-8"
      },
      {
        "code" : "46241-6"
      },
      {
        "code" : "46264-8"
      },
      {
        "code" : "47420-5"
      },
      {
        "code" : "47519-4"
      },
      {
        "code" : "48765-2"
      },
      {
        "code" : "48768-6"
      },
      {
        "code" : "51848-0"
      },
      {
        "code" : "55109-3"
      },
      {
        "code" : "55122-6"
      },
      {
        "code" : "59768-2"
      },
      {
        "code" : "59769-0"
      },
      {
        "code" : "59770-8"
      },
      {
        "code" : "59771-6"
      },
      {
        "code" : "59772-4"
      },
      {
        "code" : "59773-2"
      },
      {
        "code" : "59775-7"
      },
      {
        "code" : "59776-5"
      },
      {
        "code" : "61149-1"
      },
      {
        "code" : "61150-9"
      },
      {
        "code" : "61150-9"
      },
      {
        "code" : "69730-0"
      },
      {
        "code" : "8648-8"
      },
      {
        "code" : "8653-8"
      },
      {
        "code" : "8716-3"
      }]
    }]
  }
}