{
  "resourceType" : "ValueSet",
  "id" : "9587f257-2a8f-47de-879c-66c10175f400-143",
  "url" : "http://hl7.org/fhir/comparison/ValueSet/9587f257-2a8f-47de-879c-66c10175f400-143",
  "name" : "UnionHealthcareProfessionalRolesUvIpsAndPractitionerRole",
  "title" : "Union of Healthcare Professional Roles - IPS And Practitioner role",
  "status" : "active",
  "date" : "2026-02-18T15:43:54+00:00",
  "jurisdiction" : [{
    "coding" : [{
      "system" : "http://unstats.un.org/unsd/methods/m49/m49.htm",
      "code" : "001",
      "display" : "World"
    }]
  }],
  "compose" : {
    "include" : [{
      "system" : "urn:oid:2.16.840.1.113883.2.9.6.2.7",
      "filter" : [{
        "property" : "concept",
        "op" : "descendent-of",
        "value" : "22"
      }]
    },
    {
      "system" : "urn:oid:2.16.840.1.113883.2.9.6.2.7",
      "filter" : [{
        "property" : "concept",
        "op" : "descendent-of",
        "value" : "32"
      }]
    },
    {
      "system" : "http://terminology.hl7.org/CodeSystem/practitioner-role"
    },
    {
      "system" : "http://snomed.info/sct",
      "filter" : [{
        "property" : "concept",
        "op" : "is-a",
        "value" : "223366009"
      }]
    }]
  }
}