{
  "resourceType" : "ValueSet",
  "id" : "9587f257-2a8f-47de-879c-66c10175f400-108",
  "url" : "http://hl7.org/fhir/comparison/ValueSet/9587f257-2a8f-47de-879c-66c10175f400-108",
  "name" : "IntersectionSNOMEDCTMedicationAsNeededReasonCodesAndSNOMEDCTMedicationAsNeededReasonCodes",
  "title" : "Intersection of SNOMED CT Medication As Needed Reason Codes And SNOMED CT Medication As Needed Reason Codes",
  "status" : "draft",
  "date" : "2026-02-18T15:43:54+00:00",
  "compose" : {
    "include" : [{
      "filter" : [{
        "property" : "concept",
        "op" : "is-a",
        "value" : "404684003"
      }]
    }]
  }
}