{
  "resourceType" : "ValueSet",
  "id" : "9587f257-2a8f-47de-879c-66c10175f400-128",
  "url" : "http://hl7.org/fhir/comparison/ValueSet/9587f257-2a8f-47de-879c-66c10175f400-128",
  "name" : "UnionMedication usage category codesAndUKCoreMedicationStatementCategory",
  "title" : "Union of Medication usage category codes And UK Core Medication Statement Category",
  "status" : "draft",
  "date" : "2026-02-18T15:43:54+00:00",
  "compose" : {
    "include" : [{
      
    },
    {
      "system" : "https://fhir.hl7.org.uk/CodeSystem/UKCore-MedicationStatementCategory"
    }]
  }
}