{
  "resourceType" : "ValueSet",
  "id" : "9587f257-2a8f-47de-879c-66c10175f400-101",
  "url" : "http://hl7.org/fhir/comparison/ValueSet/9587f257-2a8f-47de-879c-66c10175f400-101",
  "name" : "UnionmedicationRequest Course of Therapy CodesAndUKCoreMedicationRequestCourseOfTherapy",
  "title" : "Union of Medication request  course of  therapy  codes And UK Core Medication Request Course Of Therapy",
  "status" : "draft",
  "date" : "2026-02-18T15:43:54+00:00",
  "compose" : {
    "include" : [{
      "concept" : [{
        "code" : "continuous",
        "display" : "Continuous long term therapy"
      },
      {
        "code" : "acute",
        "display" : "Short course (acute) therapy"
      }]
    },
    {
      "system" : "https://fhir.hl7.org.uk/CodeSystem/UKCore-MedicationRequestCourseOfTherapy",
      "concept" : [{
        "code" : "continuous-repeating-dispensing",
        "display" : "Continuous long term (repeat dispensing)"
      }]
    }]
  }
}