{
  "resourceType" : "ValueSet",
  "id" : "9587f257-2a8f-47de-879c-66c10175f400-80",
  "url" : "http://hl7.org/fhir/comparison/ValueSet/9587f257-2a8f-47de-879c-66c10175f400-80",
  "name" : "UnionMedicationsUvIpsAndUKCoreMedicationCode",
  "title" : "Union of Medications - IPS And UK Core Medication Code",
  "status" : "active",
  "date" : "2026-02-18T15:43:54+00:00",
  "jurisdiction" : [{
    "coding" : [{
      "system" : "http://unstats.un.org/unsd/methods/m49/m49.htm",
      "code" : "001",
      "display" : "World"
    }]
  }],
  "compose" : {
    "include" : [{
      "system" : "http://snomed.info/sct",
      "filter" : [{
        "property" : "concept",
        "op" : "descendent-of",
        "value" : "763158003"
      }]
    },
    {
      "system" : "http://snomed.info/sct",
      "filter" : [{
        "property" : "concept",
        "op" : "is-a",
        "value" : "787481004"
      }]
    },
    {
      "system" : "https://dmd.nhs.uk",
      "filter" : [{
        "property" : "parent",
        "op" : "=",
        "value" : "VTM"
      }]
    },
    {
      "system" : "https://dmd.nhs.uk",
      "filter" : [{
        "property" : "parent",
        "op" : "=",
        "value" : "VMP"
      }]
    },
    {
      "system" : "https://dmd.nhs.uk",
      "filter" : [{
        "property" : "parent",
        "op" : "=",
        "value" : "AMP"
      }]
    },
    {
      "system" : "https://dmd.nhs.uk",
      "filter" : [{
        "property" : "parent",
        "op" : "=",
        "value" : "VMPP"
      }]
    },
    {
      "system" : "https://dmd.nhs.uk",
      "filter" : [{
        "property" : "parent",
        "op" : "=",
        "value" : "AMPP"
      }]
    },
    {
      "system" : "http://snomed.info/sct",
      "filter" : [{
        "property" : "constraint",
        "op" : "=",
        "value" : "419841000001106"
      }]
    }],
    "exclude" : [{
      "system" : "http://snomed.info/sct",
      "filter" : [{
        "property" : "concept",
        "op" : "is-a",
        "value" : "787859002"
      }]
    }]
  }
}