{
  "resourceType" : "ValueSet",
  "id" : "9587f257-2a8f-47de-879c-66c10175f400-21",
  "url" : "http://hl7.org/fhir/comparison/ValueSet/9587f257-2a8f-47de-879c-66c10175f400-21",
  "name" : "IntersectionMarital Status CodesAndUKCorePersonMaritalStatusCode",
  "title" : "Intersection of MaritalStatus And UK Core Person Marital Status Code",
  "status" : "active",
  "date" : "2026-02-18T15:43:53+00:00",
  "compose" : {
    "include" : [{
      
    },
    {
      "concept" : [{
        "code" : "UNK",
        "display" : "unknown"
      }]
    }]
  }
}