{
  "resourceType" : "ValueSet",
  "id" : "9587f257-2a8f-47de-879c-66c10175f400-65",
  "url" : "http://hl7.org/fhir/comparison/ValueSet/9587f257-2a8f-47de-879c-66c10175f400-65",
  "name" : "UnionProblemsUvIpsAndUKCoreConditionCode",
  "title" : "Union of Problems - IPS And UK Core Condition Code",
  "status" : "active",
  "date" : "2026-02-18T15:43:54+00:00",
  "jurisdiction" : [{
    "coding" : [{
      "system" : "http://unstats.un.org/unsd/methods/m49/m49.htm",
      "code" : "001",
      "display" : "World"
    }]
  }],
  "compose" : {
    "include" : [{
      "system" : "http://snomed.info/sct",
      "filter" : [{
        "property" : "concept",
        "op" : "descendent-of",
        "value" : "404684003"
      }]
    },
    {
      "system" : "http://snomed.info/sct",
      "filter" : [{
        "property" : "concept",
        "op" : "descendent-of",
        "value" : "243796009"
      }]
    },
    {
      "system" : "http://snomed.info/sct",
      "filter" : [{
        "property" : "concept",
        "op" : "descendent-of",
        "value" : "272379006"
      }]
    },
    {
      "system" : "http://snomed.info/sct",
      "filter" : [{
        "property" : "concept",
        "op" : "is-a",
        "value" : "160245001"
      }]
    },
    {
      "system" : "http://snomed.info/sct",
      "filter" : [{
        "property" : "constraint",
        "op" : "=",
        "value" : "descendantOf 404684003 OR descendantOf 413350009 OR descendantOf 272379006"
      }]
    }]
  }
}