{
  "resourceType" : "ValueSet",
  "id" : "9587f257-2a8f-47de-879c-66c10175f400-62",
  "url" : "http://hl7.org/fhir/comparison/ValueSet/9587f257-2a8f-47de-879c-66c10175f400-62",
  "name" : "UnionProblemTypeUvIpsAndUKCoreConditionCategory",
  "title" : "Union of Problem Type - IPS And UK Core Condition Category",
  "status" : "active",
  "date" : "2026-02-18T15:43:54+00:00",
  "jurisdiction" : [{
    "coding" : [{
      "system" : "http://unstats.un.org/unsd/methods/m49/m49.htm",
      "code" : "001",
      "display" : "World"
    }]
  }],
  "compose" : {
    "include" : [{
      "concept" : [{
        "code" : "problem-list-item",
        "display" : "Problem List Item"
      }]
    },
    {
      "system" : "https://fhir.hl7.org.uk/CodeSystem/UKCore-ConditionCategory"
    }]
  }
}