{
  "resourceType" : "ValueSet",
  "id" : "9587f257-2a8f-47de-879c-66c10175f400-35",
  "url" : "http://hl7.org/fhir/comparison/ValueSet/9587f257-2a8f-47de-879c-66c10175f400-35",
  "name" : "UnionSNOMEDCTRouteCodesAndUKCoreSubstanceOrProductAdministrationRoute",
  "title" : "Union of SNOMED CT Route Codes And UK Core Substance Or Product Administration Route",
  "status" : "draft",
  "date" : "2026-02-18T15:43:53+00:00",
  "compose" : {
    "include" : [{
      "filter" : [{
        "property" : "concept",
        "op" : "is-a",
        "value" : "284009009"
      },
      {
        "property" : "constraint",
        "op" : "=",
        "value" : "memberOf 999000051000001100"
      }]
    }]
  }
}