{
  "resourceType" : "ValueSet",
  "id" : "9587f257-2a8f-47de-879c-66c10175f400-125",
  "url" : "http://hl7.org/fhir/comparison/ValueSet/9587f257-2a8f-47de-879c-66c10175f400-125",
  "name" : "UnionSNOMEDCTDrugTherapyStatusCodesAndSNOMEDCTDrugTherapyStatusCodes",
  "title" : "Union of SNOMED CT Drug Therapy Status codes  And SNOMED CT Drug Therapy Status codes ",
  "status" : "draft",
  "date" : "2026-02-18T15:43:54+00:00",
  "compose" : {
    "include" : [{
      "filter" : [{
        "property" : "concept",
        "op" : "is-a",
        "value" : "266710000"
      }]
    },
    {
      "filter" : [{
        "property" : "concept",
        "op" : "is-a",
        "value" : "410684002"
      }]
    }]
  }
}