{
  "resourceType" : "ValueSet",
  "id" : "9587f257-2a8f-47de-879c-66c10175f400-29",
  "url" : "http://hl7.org/fhir/comparison/ValueSet/9587f257-2a8f-47de-879c-66c10175f400-29",
  "name" : "UnionSubstanceCodeAndUKCoreAllergySubstance",
  "title" : "Union of Substance Code And UK Core Allergy Substance",
  "status" : "draft",
  "date" : "2026-02-18T15:43:53+00:00",
  "compose" : {
    "include" : [{
      "system" : "http://snomed.info/sct",
      "filter" : [{
        "property" : "concept",
        "op" : "is-a",
        "value" : "105590001"
      }]
    },
    {
      "system" : "http://snomed.info/sct",
      "filter" : [{
        "property" : "concept",
        "op" : "is-a",
        "value" : "373873005"
      }]
    },
    {
      "system" : "https://dmd.nhs.uk",
      "filter" : [{
        "property" : "parent",
        "op" : "=",
        "value" : "VTM"
      }]
    },
    {
      "system" : "https://dmd.nhs.uk",
      "filter" : [{
        "property" : "parent",
        "op" : "=",
        "value" : "VMP"
      }]
    },
    {
      "system" : "https://dmd.nhs.uk",
      "filter" : [{
        "property" : "parent",
        "op" : "=",
        "value" : "AMP"
      }]
    },
    {
      "system" : "https://dmd.nhs.uk",
      "filter" : [{
        "property" : "parent",
        "op" : "=",
        "value" : "INGREDIENT"
      }]
    },
    {
      "system" : "http://snomed.info/sct",
      "filter" : [{
        "property" : "constraint",
        "op" : "=",
        "value" : "descendantOf 105590001 OR descendantOf 373873005 OR 196461000000101 OR 196471000000108"
      }]
    },
    {
      "system" : "http://terminology.hl7.org/CodeSystem/v3-NullFlavor",
      "concept" : [{
        "code" : "NI",
        "display" : "NoInformation"
      }]
    }]
  }
}