{
  "resourceType" : "Basic",
  "id" : "uk-ps-actor-consumer",
  "text" : {
    "status" : "generated",
    "div" : "<div xmlns=\"http://www.w3.org/1999/xhtml\"><p class=\"res-header-id\"><b>Generated Narrative: ActorDefinition uk-ps-actor-consumer</b></p><a name=\"uk-ps-actor-consumer\"> </a><a name=\"hcuk-ps-actor-consumer\"> </a><table class=\"grid\"><tr><td><b>Actor: UKPSConsumer </b></td><td>UK PS Consumer</td><td>Type: system </td></tr><tr><td colspan=\"3\"><div><p>An UK PS Consumer <strong>SHALL</strong> comply with the requirements of the <a href=\"https://hl7.org/fhir/uv/ips/STU2/ActorDefinition-Consumer.html\">Consumer (IPS)</a>, and:</p>\n<ul>\n<li>\n<p><strong>SHALL</strong> implement the UK PS Bundle, UK PS Composition and UK PS Patient profiles</p>\n</li>\n<li>\n<p><strong>SHALL</strong> for each mandatory section in UK PS Composition, implement the UK PS profiles referenced by the section entry (i.e. UK PS AllergyIntolerance, UK PS Condition, UK PS MedicationStatement and UK PS MedicationRequest)</p>\n</li>\n<li>\n<p><strong>SHALL</strong> for each recommended section in UK PS Composition, implement the profiles referenced by the section entry (e.g. UK PS Immunization, Observation Results - Radiology (IPS), UK PS Procedure, and DeviceUseStatement (IPS))</p>\n</li>\n<li>\n<p><strong>SHALL</strong> implement the UK PS Consumer obligations in the implemented profiles. Where an IPS profile is referenced in the UK PS Bundle the obligations of the Consumer (IPS) actor <strong>SHALL</strong> apply</p>\n</li>\n<li>\n<p><strong>SHALL</strong> consume resources with <em>Must Support</em> elements populated in accordance with the requirements for <a href=\"https://build.fhir.org/ig/hl7au/au-fhir-ps/branches/master/general-requirements.html#missing-data-empty-sections-known-absence-of-data\">Missing Data, Empty Sections, Known Absence of Data</a> or <a href=\"https://build.fhir.org/ig/hl7au/au-fhir-ps/branches/master/general-requirements.html#suppressed-data\">Suppressed Data</a></p>\n</li>\n</ul>\n</div></td></tr><tr><td>Derived from:</td><td colspan=\"2\"><a href=\"http://hl7.org/fhir/uv/ips/STU2/ActorDefinition-Consumer.html\">http://hl7.org/fhir/uv/ips/ActorDefinition/Consumer</a></td></tr></table></div>"
  },
  "extension" : [{
    "url" : "http://hl7.org/fhir/StructureDefinition/structuredefinition-fmm",
    "valueInteger" : 1
  },
  {
    "url" : "http://hl7.org/fhir/StructureDefinition/structuredefinition-standards-status",
    "valueCode" : "draft",
    "_valueCode" : {
      "extension" : [{
        "url" : "http://hl7.org/fhir/StructureDefinition/structuredefinition-conformance-derivedFrom",
        "valueCanonical" : "http://hl7.org.uk/fhir/ps/ImplementationGuide/hl7.fhir.uk.ps"
      }]
    }
  },
  {
    "url" : "http://hl7.org/fhir/5.0/StructureDefinition/extension-ActorDefinition.url",
    "valueUri" : "http://hl7.org.uk/fhir/ps/ActorDefinition/uk-ps-actor-consumer"
  },
  {
    "url" : "http://hl7.org/fhir/5.0/StructureDefinition/extension-ActorDefinition.version",
    "valueString" : "0.1.0-cibuild"
  },
  {
    "url" : "http://hl7.org/fhir/5.0/StructureDefinition/extension-ActorDefinition.name",
    "valueString" : "UKPSConsumer"
  },
  {
    "url" : "http://hl7.org/fhir/5.0/StructureDefinition/extension-ActorDefinition.title",
    "valueString" : "UK PS Consumer"
  },
  {
    "url" : "http://hl7.org/fhir/5.0/StructureDefinition/extension-ActorDefinition.status",
    "valueCode" : "active"
  },
  {
    "url" : "http://hl7.org/fhir/5.0/StructureDefinition/extension-ActorDefinition.date",
    "valueDateTime" : "2026-02-18T15:41:40+00:00"
  },
  {
    "url" : "http://hl7.org/fhir/5.0/StructureDefinition/extension-ActorDefinition.publisher",
    "valueString" : "HL7 UK / INTEROPen"
  },
  {
    "url" : "http://hl7.org/fhir/5.0/StructureDefinition/extension-ActorDefinition.contact",
    "valueContactDetail" : {
      "name" : "INTEROPen",
      "telecom" : [{
        "system" : "url",
        "value" : "https://interopen.org",
        "use" : "work"
      }]
    }
  },
  {
    "url" : "http://hl7.org/fhir/5.0/StructureDefinition/extension-ActorDefinition.description",
    "valueMarkdown" : "An UK PS Consumer is a system that consumes an UK PS Bundle and uses it to display or process patient summary content. This actor is based on the Consumer (IPS) actor, and describes the additional requirements and documentation applied for the Australian context."
  },
  {
    "url" : "http://hl7.org/fhir/5.0/StructureDefinition/extension-ActorDefinition.jurisdiction",
    "valueCodeableConcept" : {
      "coding" : [{
        "system" : "urn:iso:std:iso:3166",
        "code" : "GB"
      }]
    }
  },
  {
    "url" : "http://hl7.org/fhir/5.0/StructureDefinition/extension-ActorDefinition.copyright",
    "valueMarkdown" : "Used by permission of HL7 International, all rights reserved Creative Commons License. HL7 UK© 2025+; Licensed Under Creative Commons No Rights Reserved."
  },
  {
    "url" : "http://hl7.org/fhir/5.0/StructureDefinition/extension-ActorDefinition.type",
    "valueCode" : "system"
  },
  {
    "url" : "http://hl7.org/fhir/5.0/StructureDefinition/extension-ActorDefinition.documentation",
    "valueMarkdown" : "An UK PS Consumer **SHALL** comply with the requirements of the [Consumer (IPS)](https://hl7.org/fhir/uv/ips/STU2/ActorDefinition-Consumer.html), and:\n\n - **SHALL** implement the UK PS Bundle, UK PS Composition and UK PS Patient profiles\n\n - **SHALL** for each mandatory section in UK PS Composition, implement the UK PS profiles referenced by the section entry (i.e. UK PS AllergyIntolerance, UK PS Condition, UK PS MedicationStatement and UK PS MedicationRequest)\n\n - **SHALL** for each recommended section in UK PS Composition, implement the profiles referenced by the section entry (e.g. UK PS Immunization, Observation Results - Radiology (IPS), UK PS Procedure, and DeviceUseStatement (IPS))\n\n - **SHALL** implement the UK PS Consumer obligations in the implemented profiles. Where an IPS profile is referenced in the UK PS Bundle the obligations of the Consumer (IPS) actor **SHALL** apply\n\n - **SHALL** consume resources with *Must Support* elements populated in accordance with the requirements for [Missing Data, Empty Sections, Known Absence of Data](https://build.fhir.org/ig/hl7au/au-fhir-ps/branches/master/general-requirements.html#missing-data-empty-sections-known-absence-of-data) or [Suppressed Data](https://build.fhir.org/ig/hl7au/au-fhir-ps/branches/master/general-requirements.html#suppressed-data)\n\n"
  },
  {
    "url" : "http://hl7.org/fhir/5.0/StructureDefinition/extension-ActorDefinition.derivedFrom",
    "valueCanonical" : "http://hl7.org/fhir/uv/ips/ActorDefinition/Consumer"
  }],
  "code" : {
    "coding" : [{
      "system" : "http://hl7.org/fhir/fhir-types",
      "code" : "ActorDefinition"
    }]
  }
}